{
	"info": {
		"_postman_id": "5fcf117d-46e8-4b54-81ec-fab970e3cdb6",
		"name": "Examen2021_grupoA",
		"schema": "https://schema.getpostman.com/json/collection/v2.1.0/collection.json"
	},
	"item": [
		{
			"name": "Companies",
			"item": [
				{
					"name": "Read Companies",
					"request": {
						"method": "GET",
						"header": [],
						"url": {
							"raw": "localhost:3000/api/companies",
							"host": [
								"localhost"
							],
							"port": "3000",
							"path": [
								"api",
								"companies"
							]
						}
					},
					"response": []
				},
				{
					"name": "Read Company",
					"request": {
						"method": "GET",
						"header": [],
						"url": {
							"raw": "localhost:3000/api/companies/1",
							"host": [
								"localhost"
							],
							"port": "3000",
							"path": [
								"api",
								"companies",
								"1"
							]
						}
					},
					"response": []
				},
				{
					"name": "Read Company (ERROR id not found)",
					"request": {
						"method": "GET",
						"header": [],
						"url": {
							"raw": "localhost:3000/api/companies/666",
							"host": [
								"localhost"
							],
							"port": "3000",
							"path": [
								"api",
								"companies",
								"666"
							]
						}
					},
					"response": []
				},
				{
					"name": "Create company",
					"request": {
						"method": "POST",
						"header": [],
						"body": {
							"mode": "raw",
							"raw": "{\r\n    \"name\": \"Las Galletas S.A.\",\r\n    \"industry\": \"Secondary School\",\r\n    \"sector\": \"Education\",\r\n    \"capital\": \"0.01\"\r\n}",
							"options": {
								"raw": {
									"language": "json"
								}
							}
						},
						"url": {
							"raw": "localhost:3000/api/companies",
							"host": [
								"localhost"
							],
							"port": "3000",
							"path": [
								"api",
								"companies"
							]
						}
					},
					"response": []
				},
				{
					"name": "Create company (only name)",
					"request": {
						"method": "POST",
						"header": [],
						"body": {
							"mode": "raw",
							"raw": "{\r\n    \"name\": \"Las Galletas S.A.\"\r\n}",
							"options": {
								"raw": {
									"language": "json"
								}
							}
						},
						"url": {
							"raw": "localhost:3000/api/companies",
							"host": [
								"localhost"
							],
							"port": "3000",
							"path": [
								"api",
								"companies"
							]
						}
					},
					"response": []
				},
				{
					"name": "Create company (ERROR no name)",
					"request": {
						"method": "POST",
						"header": [],
						"body": {
							"mode": "raw",
							"raw": "{\r\n    \"industry\": \"Secondary School\",\r\n    \"sector\": \"Education\"\r\n}",
							"options": {
								"raw": {
									"language": "json"
								}
							}
						},
						"url": {
							"raw": "localhost:3000/api/companies",
							"host": [
								"localhost"
							],
							"port": "3000",
							"path": [
								"api",
								"companies"
							]
						}
					},
					"response": []
				},
				{
					"name": "Create company (ERROR property wrong)",
					"request": {
						"method": "POST",
						"header": [],
						"body": {
							"mode": "raw",
							"raw": "{\r\n    \"name\": \"Las Galletas S.A.\",\r\n    \"industria\": \"Secondary School\",\r\n    \"sector\": \"Education\",\r\n    \"campo\": \"inventado\"\r\n}",
							"options": {
								"raw": {
									"language": "json"
								}
							}
						},
						"url": {
							"raw": "localhost:3000/api/companies",
							"host": [
								"localhost"
							],
							"port": "3000",
							"path": [
								"api",
								"companies"
							]
						}
					},
					"response": []
				},
				{
					"name": "Modify company",
					"request": {
						"method": "PUT",
						"header": [],
						"body": {
							"mode": "raw",
							"raw": "{\r\n    \"name\": \"Las Galletas S.A.\",\r\n    \"industry\": \"Secondary School\",\r\n    \"sector\": \"Education\",\r\n    \"capital\": \"0.01\"\r\n}",
							"options": {
								"raw": {
									"language": "json"
								}
							}
						},
						"url": {
							"raw": "localhost:3000/api/companies/1",
							"host": [
								"localhost"
							],
							"port": "3000",
							"path": [
								"api",
								"companies",
								"1"
							]
						}
					},
					"response": []
				},
				{
					"name": "Modify company (ERROR property wrong)",
					"request": {
						"method": "PUT",
						"header": [],
						"body": {
							"mode": "raw",
							"raw": "{\r\n    \"name\": \"Las Galletas S.A.\",\r\n    \"industria\": \"Secondary School\",\r\n    \"sector\": \"Education\",\r\n    \"campo\": \"inventado\"\r\n}",
							"options": {
								"raw": {
									"language": "json"
								}
							}
						},
						"url": {
							"raw": "localhost:3000/api/companies/1",
							"host": [
								"localhost"
							],
							"port": "3000",
							"path": [
								"api",
								"companies",
								"1"
							]
						}
					},
					"response": []
				},
				{
					"name": "Modify company (ERROR id not found)",
					"request": {
						"method": "PUT",
						"header": [],
						"body": {
							"mode": "raw",
							"raw": "{\r\n    \"name\": \"Las Galletas S.A.\",\r\n    \"industria\": \"Secondary School\",\r\n    \"sector\": \"Education\",\r\n    \"campo\": \"inventado\"\r\n}",
							"options": {
								"raw": {
									"language": "json"
								}
							}
						},
						"url": {
							"raw": "localhost:3000/api/companies/666",
							"host": [
								"localhost"
							],
							"port": "3000",
							"path": [
								"api",
								"companies",
								"666"
							]
						}
					},
					"response": []
				},
				{
					"name": "Delete company ",
					"request": {
						"method": "DELETE",
						"header": [],
						"body": {
							"mode": "raw",
							"raw": "",
							"options": {
								"raw": {
									"language": "json"
								}
							}
						},
						"url": {
							"raw": "localhost:3000/api/companies/1",
							"host": [
								"localhost"
							],
							"port": "3000",
							"path": [
								"api",
								"companies",
								"1"
							]
						}
					},
					"response": []
				},
				{
					"name": "Delete company (Error id not found)",
					"request": {
						"method": "DELETE",
						"header": [],
						"body": {
							"mode": "raw",
							"raw": "",
							"options": {
								"raw": {
									"language": "json"
								}
							}
						},
						"url": {
							"raw": "localhost:3000/api/companies/666",
							"host": [
								"localhost"
							],
							"port": "3000",
							"path": [
								"api",
								"companies",
								"666"
							]
						}
					},
					"response": []
				}
			]
		},
		{
			"name": "Contacts",
			"item": [
				{
					"name": "Read Contacts",
					"request": {
						"method": "GET",
						"header": [],
						"url": {
							"raw": "localhost:3000/api/contacts",
							"host": [
								"localhost"
							],
							"port": "3000",
							"path": [
								"api",
								"contacts"
							]
						}
					},
					"response": []
				},
				{
					"name": "Read Contact ",
					"request": {
						"method": "GET",
						"header": [],
						"url": {
							"raw": "localhost:3000/api/contacts/1",
							"host": [
								"localhost"
							],
							"port": "3000",
							"path": [
								"api",
								"contacts",
								"1"
							]
						}
					},
					"response": []
				},
				{
					"name": "Read Contact (ERROR id not found)",
					"request": {
						"method": "GET",
						"header": [],
						"url": {
							"raw": "localhost:3000/api/contacts/666",
							"host": [
								"localhost"
							],
							"port": "3000",
							"path": [
								"api",
								"contacts",
								"666"
							]
						}
					},
					"response": []
				},
				{
					"name": "Create Contacts",
					"request": {
						"method": "POST",
						"header": [],
						"body": {
							"mode": "raw",
							"raw": "{\r\n    \"first_name\": \"Pepe\",\r\n    \"last_name\": \"Pepón\",\r\n    \"email\": \"pp@nomail.com\",\r\n    \"image\": \"pepe.jpg\",\r\n    \"department\": \"Marketing\",\r\n    \"company_id\": 1\r\n}",
							"options": {
								"raw": {
									"language": "json"
								}
							}
						},
						"url": {
							"raw": "localhost:3000/api/contacts",
							"host": [
								"localhost"
							],
							"port": "3000",
							"path": [
								"api",
								"contacts"
							]
						}
					},
					"response": []
				},
				{
					"name": "Create Contacts (only required properties)",
					"request": {
						"method": "POST",
						"header": [],
						"body": {
							"mode": "raw",
							"raw": "{\r\n    \"first_name\": \"Pepe\",\r\n    \"last_name\": \"Pepón\",\r\n    \"email\": \"pp@nomail.com\"\r\n}",
							"options": {
								"raw": {
									"language": "json"
								}
							}
						},
						"url": {
							"raw": "localhost:3000/api/contacts",
							"host": [
								"localhost"
							],
							"port": "3000",
							"path": [
								"api",
								"contacts"
							]
						}
					},
					"response": []
				},
				{
					"name": "Create Contacts (ERROR required properties)",
					"request": {
						"method": "POST",
						"header": [],
						"body": {
							"mode": "raw",
							"raw": "{\r\n    \"first_name\": \"Pepe\",\r\n    \"image\": \"pepe.jpg\",\r\n    \"department\": \"Marketing\"\r\n}",
							"options": {
								"raw": {
									"language": "json"
								}
							}
						},
						"url": {
							"raw": "localhost:3000/api/contacts",
							"host": [
								"localhost"
							],
							"port": "3000",
							"path": [
								"api",
								"contacts"
							]
						}
					},
					"response": []
				},
				{
					"name": "Create Contacts (ERROR Bad properties)",
					"request": {
						"method": "POST",
						"header": [],
						"body": {
							"mode": "raw",
							"raw": "{\r\n    \"first_name\": \"Pepe\",\r\n    \"last_name\": \"Pepón\",\r\n    \"email\": \"pp@nomail.com\",\r\n    \"imagen\": \"pepe.jpg\",\r\n    \"departamento\": \"Marketing\",\r\n    \"compañia\": 1\r\n}",
							"options": {
								"raw": {
									"language": "json"
								}
							}
						},
						"url": {
							"raw": "localhost:3000/api/contacts",
							"host": [
								"localhost"
							],
							"port": "3000",
							"path": [
								"api",
								"contacts"
							]
						}
					},
					"response": []
				},
				{
					"name": "Modify Contact",
					"request": {
						"method": "PUT",
						"header": [],
						"body": {
							"mode": "raw",
							"raw": "{\r\n    \"first_name\": \"Pepe\",\r\n    \"last_name\": \"Pepón\",\r\n    \"email\": \"pp@nomail.com\",\r\n    \"image\": \"pepe.jpg\",\r\n    \"department\": \"Marketing\",\r\n    \"company_id\": 1\r\n}",
							"options": {
								"raw": {
									"language": "json"
								}
							}
						},
						"url": {
							"raw": "localhost:3000/api/contacts/1",
							"host": [
								"localhost"
							],
							"port": "3000",
							"path": [
								"api",
								"contacts",
								"1"
							]
						}
					},
					"response": []
				},
				{
					"name": "Delete Contact ",
					"request": {
						"method": "DELETE",
						"header": [],
						"url": {
							"raw": "localhost:3000/api/contacts/1",
							"host": [
								"localhost"
							],
							"port": "3000",
							"path": [
								"api",
								"contacts",
								"1"
							]
						}
					},
					"response": []
				},
				{
					"name": "Read Contacts by Company",
					"request": {
						"method": "GET",
						"header": [],
						"url": {
							"raw": "localhost:3000/api/companies/1/contacts",
							"host": [
								"localhost"
							],
							"port": "3000",
							"path": [
								"api",
								"companies",
								"1",
								"contacts"
							]
						}
					},
					"response": []
				},
				{
					"name": "Read Contacts by Company (ERROR id not found)",
					"request": {
						"method": "GET",
						"header": [],
						"url": {
							"raw": "localhost:3000/api/companies/666/contacts",
							"host": [
								"localhost"
							],
							"port": "3000",
							"path": [
								"api",
								"companies",
								"666",
								"contacts"
							]
						}
					},
					"response": []
				},
				{
					"name": "Read Contacts by Company (no contacts)",
					"request": {
						"method": "GET",
						"header": [],
						"url": {
							"raw": "localhost:3000/api/companies/9/contacts",
							"host": [
								"localhost"
							],
							"port": "3000",
							"path": [
								"api",
								"companies",
								"9",
								"contacts"
							]
						}
					},
					"response": []
				}
			]
		}
	]
}