[
    {
        "id": 1,
        "first_name": "Cthrine",
        "last_name": "Camosso",
        "email": "ccamosso0@si.edu",
        "image": "27.jpg",
        "department": "Marketing",
        "company_id": 49
    },
    {
        "id": 2,
        "first_name": "Vidovik",
        "last_name": "Tudbald",
        "email": "vtudbald1@umn.edu",
        "image": "41.jpg",
        "department": "Marketing",
        "company_id": 48
    },
    {
        "id": 3,
        "first_name": "Berthe",
        "last_name": "Eborn",
        "email": "beborn2@hugedomains.com",
        "image": "39.jpg",
        "department": "Human Resources",
        "company_id": 44
    },
    {
        "id": 4,
        "first_name": "Sari",
        "last_name": "Ruse",
        "email": "sruse3@google.pl",
        "image": "17.jpg",
        "department": "Human Resources",
        "company_id": 47        
    },
    {
        "id": 5,
        "first_name": "Lorain",
        "last_name": "Foxhall",
        "email": "lfoxhall4@360.cn",
        "image": "8.jpg",
        "department": "Sales",
        "company_id": 46
    },
    {
        "id": 7,
        "first_name": "Alicia",
        "last_name": "Innett",
        "email": "ainnett6@dell.com",
        "image": "10.jpg",
        "department": "Product Management",
        "company_id": 44
    },
    {
        "id": 8,
        "first_name": "Selena",
        "last_name": "Willoughley",
        "email": "swilloughley7@marriott.com",
        "image": "6.jpg",
        "department": "Sales",
        "company_id": 43        
    },
    {
        "id": 11,
        "first_name": "Cooper",
        "last_name": "Springate",
        "email": "cspringatea@yellowbook.com",
        "image": "7.jpg",
        "department": "Sales",
        "company_id": 42
    },
    {
        "id": 12,
        "first_name": "Abigail",
        "last_name": "Crown",
        "email": "acrownb@ask.com",
        "image": "15.jpg",
        "department": "Sales",
        "company_id": 41
    },
    {
        "id": 13,
        "first_name": "Godiva",
        "last_name": "Tessington",
        "email": "gtessingtonc@cbc.ca",
        "image": "14.jpg",
        "department": "Marketing",
        "company_id": 41
    },
    {
        "id": 14,
        "first_name": "Becki",
        "last_name": "Heyns",
        "email": "bheynsd@independent.co.uk",
        "image": "11.jpg",
        "department": "Sales",
        "company_id": 40
    },
    {
        "id": 15,
        "first_name": "Dulcy",
        "last_name": "Vaskov",
        "email": "dvaskove@jigsy.com",
        "image": "16.jpg",
        "department": "Sales",
        "company_id": 39
    },
    {
        "id": 16,
        "first_name": "Murray",
        "last_name": "Doctor",
        "email": "mdoctorf@time.com",
        "image": "12.jpg",
        "department": "Sales",
        "company_id": 46
    },
    {
        "id": 17,
        "first_name": "Filippa",
        "last_name": "Wharmby",
        "email": "fwharmbyg@privacy.gov.au",
        "image": "45.jpg",
        "department": "Sales",
        "company_id": 46
    },
    {
        "id": 18,
        "first_name": "Donetta",
        "last_name": "Clemencon",
        "email": "dclemenconh@psu.edu",
        "image": "48.jpg",
        "department": "Sales",
        "company_id": 47
    },
    {
        "id": 19,
        "first_name": "Parry",
        "last_name": "Dunthorn",
        "email": "pdunthorni@bing.com",
        "image": "40.jpg",
        "department": "Sales",
        "company_id": 35
    },
    {
        "id": 20,
        "first_name": "Lizzie",
        "last_name": "Chalk",
        "email": "lchalkj@guardian.co.uk",
        "image": "52.jpg",
        "department": "Sales",
        "company_id": 34
    },
    {
        "id": 21,
        "first_name": "Leonerd",
        "last_name": "Lumm",
        "email": "llummk@example.com",
        "image": "55.jpg",
        "department": "Sales",
        "company_id": 46
    },
    {
        "id": 22,
        "first_name": "Freemon",
        "last_name": "Dudmesh",
        "email": "fdudmeshl@soup.io",
        "image": "2.jpg",
        "department": "Product Management",
        "company_id": 31
    },
    {
        "id": 23,
        "first_name": "Julianne",
        "last_name": "McGivena",
        "email": "jmcgivenam@youtube.com",
        "image": "20.jpg",
        "department": "Product Management",
        "company_id": 36
    },
    {
        "id": 24,
        "first_name": "Gay",
        "last_name": "Digg",
        "email": "gdiggn@storify.com",
        "image": "13.jpg",
        "department": "Product Management",
        "company_id": 29
    },
    {
        "id": 25,
        "first_name": "Meggi",
        "last_name": "Sherrin",
        "email": "msherrino@scientificamerican.com",
        "image": "47.jpg",
        "department": "Product Management",
        "company_id": 43
    },
    {
        "id": 26,
        "first_name": "Sharron",
        "last_name": "Kerfoot",
        "email": "skerfootp@yellowpages.com",
        "image": "38.jpg",
        "department": "Product Management",
        "company_id": 21
    },
    {
        "id": 27,
        "first_name": "Winfield",
        "last_name": "Scotchmor",
        "email": "wscotchmorq@irs.gov",
        "image": "26.jpg",
        "department": "Product Management",
        "company_id": 1
    },
    {
        "id": 28,
        "first_name": "Eloise",
        "last_name": "Minors",
        "email": "eminorsr@imgur.com",
        "image": "23.jpg",
        "department": "Product Management",
        "company_id": 2
    },
    {
        "id": 29,
        "first_name": "Dalt",
        "last_name": "Down",
        "email": "ddowns@ehow.com",
        "image": "24.jpg",
        "department": "Product Management",
        "company_id": 4
    },
    {
        "id": 30,
        "first_name": "Virginia",
        "last_name": "Warters",
        "email": "vwarterst@dedecms.com",
        "image": "25.jpg",
        "department": "Marketing",
        "company_id": 2
    },
    {
        "id": 31,
        "first_name": "Kalina",
        "last_name": "McCree",
        "email": "kmccreeu@oaic.gov.au",
        "image": "29.jpg",
        "department": "Marketing",
        "company_id": 43
    },
    {
        "id": 33,
        "first_name": "Jason",
        "last_name": "Membry",
        "email": "jmembryw@hc360.com",
        "image": "22.jpg",
        "department": "Marketing",
        "company_id": 2
    },
    {
        "id": 34,
        "first_name": "Valentia",
        "last_name": "Lindblad",
        "email": "vlindbladx@ezinearticles.com",
        "image": "33.jpg",
        "department": "Marketing",
        "company_id": 3
    },
    {
        "id": 35,
        "first_name": "Ewart",
        "last_name": "Norrington",
        "email": "enorringtony@boston.com",
        "image": "31.jpg",
        "department": "Marketing",
        "company_id": 7

    },
    {
        "id": 37,
        "first_name": "Eliot",
        "last_name": "Georgiades",
        "email": "egeorgiades10@uol.com.br",
        "image": "30.jpg",
        "department": "Marketing",
        "company_id": 33

    },
    {
        "id": 38,
        "first_name": "Petr",
        "last_name": "Spraging",
        "email": "pspraging11@unc.edu",
        "image": "36.jpg",
        "department": "Marketing",
        "company_id": 36
    },
    {
        "id": 39,
        "first_name": "Humphrey",
        "last_name": "Allen",
        "email": "hallen12@naver.com",
        "image": "25.jpg",
        "department": "Marketing",
        "company_id": 47
    },
    {
        "id": 41,
        "first_name": "Bernardina",
        "last_name": "Paddington",
        "email": "bpaddington14@go.com",
        "image": "4.jpg",
        "department": "Marketing",
        "company_id": 6

    },
    {
        "id": 42,
        "first_name": "Gisele",
        "last_name": "Inchcomb",
        "email": "ginchcomb15@ustream.tv",
        "image": "3.jpg",
        "department": "Marketing",
        "company_id": 34
    },
    {
        "id": 44,
        "first_name": "Anthony",
        "last_name": "Tinker",
        "email": "atinker17@barnesandnoble.com",
        "image": "2.jpg",
        "department": "Product Management",
        "company_id": 49
    },
    {
        "id": 46,
        "first_name": "Obidiah",
        "last_name": "Alps",
        "email": "oalps19@booking.com",
        "image": "9.jpg",
        "department": "Marketing",
        "company_id": 42
        
    },
    {
        "id": 47,
        "first_name": "Francis",
        "last_name": "Fawdrey",
        "email": "ffawdrey1a@hp.com",
        "image": "1.jpg",
        "department": "Marketing",
        "company_id": 47
    },
    {
        "id": 48,
        "first_name": "Neale",
        "last_name": "Tuckey",
        "email": "ntuckey1b@miitbeian.gov.cn",
        "image": "43.jpg",
        "department": "Human Resources",
        "company_id": 1
    },
    {
        "id": 49,
        "first_name": "Kandy",
        "last_name": "Adamsen",
        "email": "kadamsen1c@utexas.edu",
        "image": "35.jpg",
        "department": "Human Resources",
        "company_id": 4
    },
    {
        "id": 50,
        "first_name": "Gus",
        "last_name": "D' Angelo",
        "email": "gdangelo1d@nyu.edu",
        "image": "42.jpg",
        "department": "Human Resources",
        "company_id": 39
    },
    {
        "id": 51,
        "first_name": "Katrina",
        "last_name": "Trynor",
        "email": "ktrynor1e@mapquest.com",
        "image": "34.jpg",
        "department": "Human Resources",
        "company_id": 3
    },
    {
        "id": 52,
        "first_name": "Vinita",
        "last_name": "Hedworth",
        "email": "vhedworth1f@home.pl",
        "image": "50.jpg",
        "department": "Human Resources",
        "company_id": 21
    },
    {
        "id": 53,
        "first_name": "Clementia",
        "last_name": "Kingerby",
        "email": "ckingerby1g@jigsy.com",
        "image": "54.jpg",
        "department": "Human Resources",
        "company_id": 3
    },
    {
        "id": 56,
        "first_name": "Seamus",
        "last_name": "Ciric",
        "email": "sciric1j@tuttocitta.it",
        "image": "55.jpg",
        "department": "Human Resources",
        "company_id": 43
    },
    {
        "id": 57,
        "first_name": "Jere",
        "last_name": "Mathon",
        "email": "jmathon1k@furl.net",
        "image": "49.jpg",
        "department": "Human Resources",
        "company_id": 7
    },
    {
        "id": 58,
        "first_name": "Reba",
        "last_name": "Durnall",
        "email": "rdurnall1l@uiuc.edu",
        "image": "53.jpg",
        "department": "Human Resources",
        "company_id": 40
    },
    {
        "id": 64,
        "first_name": "Kat",
        "last_name": "Guisler",
        "email": "kguisler1r@biglobe.ne.jp",
        "image": "51.jpg",
        "department": "Sales",
        "company_id": 1
    },
    {
        "id": 65,
        "first_name": "Glori",
        "last_name": "De Santos",
        "email": "gdesantos1s@amazon.co.uk",
        "image": "56.jpg",
        "department": "Human Resources",
        "company_id": 37
    },
    {
        "id": 68,
        "first_name": "Dianna",
        "last_name": "Rehorek",
        "email": "drehorek1v@mapquest.com",
        "image": "57.jpg",
        "department": "Sales",
        "company_id": 6
    },
    {
        "id": 74,
        "first_name": "Dolph",
        "last_name": "Swaton",
        "email": "dswaton21@usda.gov",
        "image": "5.jpg",
        "department": "Support",
        "company_id": 43
    },
    {
        "id": 77,
        "first_name": "Earvin",
        "last_name": "Rolingson",
        "email": "erolingson5f@exblog.jp",
        "image": "58.jpg",
        "department": "Support",
        "company_id": 2
    }
]